-- GENERADORES DE SECUENCIA
DROP SEQUENCE "SEQ_AUTH";
CREATE SEQUENCE "SEQ_AUTH" START WITH 3 INCREMENT BY 1 MINVALUE 3;

DROP SEQUENCE "SEQ_CURSO";
CREATE SEQUENCE "SEQ_CURSO" START WITH 7 INCREMENT BY 1 MINVALUE 7;

DROP SEQUENCE "SEQ_CURSO_USUARIO";
CREATE SEQUENCE "SEQ_CURSO_USUARIO" START WITH 5 INCREMENT BY 1 MINVALUE 5;

DROP SEQUENCE "SEQ_USUARIO";
CREATE SEQUENCE "SEQ_USUARIO" START WITH 3 INCREMENT BY 1 MINVALUE 3;

-- USUARIOS

INSERT INTO USERS (ID_USUARIO, USERNAME, PASSWORD, ENABLED, EMAIL, FECHA_ALTA) VALUES (1, 'usuario', '$2a$12$76W6G/T4HwVxAZGqOr/BM.6qlNamMrH0t5nRIk7U3DgS5zkJYLaSS', 'true', 'usuario@gmail.com', CURRENT_TIMESTAMP);

INSERT INTO USERS (ID_USUARIO, USERNAME, PASSWORD, ENABLED, EMAIL, FECHA_ALTA) VALUES (2, 'usuario2', '$2a$12$cqSegF.SJLCqe77hmarxmuiOiXBnC0ItaGX2ewad6hYB5hC0927mq', 'true', 'usuario2@gmail.com', CURRENT_TIMESTAMP);


-- AUTHORITIES

INSERT INTO AUTHORITIES (ID_AUTHORITIES, USERNAME, AUTHORITY, FECHA_ALTA) VALUES (1, 'usuario', 'read', CURRENT_TIMESTAMP);

INSERT INTO AUTHORITIES (ID_AUTHORITIES, USERNAME, AUTHORITY, FECHA_ALTA) VALUES (2, 'usuario2', 'read', CURRENT_TIMESTAMP);


-- CURSOS

INSERT INTO CURSO (ID_CURSO, CODIGO, TITULO, DESCRIPCION, ID_USUARIO, FECHA_ALTA) VALUES (1, 'GA000', 'Google Analytics', 'Aprende a utilizar Google Analytics para tu negocio', 1, CURRENT_TIMESTAMP);

INSERT INTO CURSO (ID_CURSO, CODIGO, TITULO, DESCRIPCION, ID_USUARIO, FECHA_ALTA) VALUES (2, 'GPE', 'Gestión de proyectos de energía', 'Conceptos, procesos, técnicas y herramientas para la gestión de proyectos de energía', 1, CURRENT_TIMESTAMP);

INSERT INTO CURSO (ID_CURSO, CODIGO, TITULO, DESCRIPCION, ID_USUARIO, FECHA_ALTA) VALUES (3, 'CUT', 'C# and Unity', 'C# Programming for Unity Game Development', 1, CURRENT_TIMESTAMP);

INSERT INTO CURSO (ID_CURSO, CODIGO, TITULO, DESCRIPCION, ID_USUARIO, FECHA_ALTA) VALUES (4, 'CDEVOPS', 'Continuous Delivery & DevOps', 'When it comes to digital innovation, velocity is critical and many would say it is the most reliable determinant of success', 2, CURRENT_TIMESTAMP);

INSERT INTO CURSO (ID_CURSO, CODIGO, TITULO, DESCRIPCION, ID_USUARIO, FECHA_ALTA) VALUES (5, 'PYDATSCI', 'Python for Data Science', 'Kickstart your learning of Python with this beginner-friendly self-paced course taught by an expert', 2, CURRENT_TIMESTAMP);

INSERT INTO CURSO (ID_CURSO, CODIGO, TITULO, DESCRIPCION, ID_USUARIO, FECHA_ALTA) VALUES (6, 'BBWCU', 'Basic behavior with C# in Unity', 'Develop a foundational understanding of coding in C# and the value and power of Unity', 1, CURRENT_TIMESTAMP);


-- CURSO_USUARIO

INSERT INTO CURSO_USUARIO (ID_CURSO_USUARIO, ID_CURSO, ID_USUARIO, VALORACION, INICIADO, COMPLETADO, FECHA_ALTA) VALUES (1, 1, 1, null, null,null, CURRENT_TIMESTAMP);

INSERT INTO CURSO_USUARIO (ID_CURSO_USUARIO, ID_CURSO, ID_USUARIO, VALORACION, INICIADO, COMPLETADO, FECHA_ALTA) VALUES (2, 2, 1, 4, 1, 1, CURRENT_TIMESTAMP);

INSERT INTO CURSO_USUARIO (ID_CURSO_USUARIO, ID_CURSO, ID_USUARIO, VALORACION, INICIADO, COMPLETADO, FECHA_ALTA) VALUES (3, 4, 2, null, 1, null, CURRENT_TIMESTAMP);

INSERT INTO CURSO_USUARIO (ID_CURSO_USUARIO, ID_CURSO, ID_USUARIO, VALORACION, INICIADO, COMPLETADO, FECHA_ALTA) VALUES (4, 3, 2, 3, 1, 1, CURRENT_TIMESTAMP);